{"psnr": 29.411629201731586, "nsr": 0.03400015664351996}