{"psnr": 36.613823176468266, "nsr": 0.02731208907576472}