{"psnr": 41.616794945276744, "nsr": 0.02402876053561866}