{"psnr": 34.91166756829467, "nsr": 0.02864371912466761}