{"psnr": 35.548745382780645, "nsr": 0.0281303879850676}