{"psnr": 43.21120506405926, "nsr": 0.023142145619811604}