{"psnr": 32.99099026090262, "nsr": 0.03031130596843868}