{"psnr": 26.960171797485152, "nsr": 0.037091751770412684}