{"psnr": 29.074242713853348, "nsr": 0.034394704957302916}