{"psnr": 34.859447569247386, "nsr": 0.028686627865043644}