{"psnr": 27.579636686324097, "nsr": 0.03625863572364858}