{"psnr": 33.64464859810108, "nsr": 0.029722408812926062}