{"psnr": 20.633931138568556, "nsr": 0.04846386242565377}