{"psnr": 25.069681423547138, "nsr": 0.03988881961063663}