{"psnr": 26.800234824916256, "nsr": 0.0373131058937699}