{"psnr": 31.700132335226403, "nsr": 0.03154560963421473}