{"psnr": 32.37700018784738, "nsr": 0.030886122685799267}