{"psnr": 40.474212997068065, "nsr": 0.0247070894268516}