{"psnr": 26.99454514108943, "nsr": 0.037044521208763094}