{"psnr": 33.13329614681788, "nsr": 0.030181120392274646}