{"psnr": 35.651644809627285, "nsr": 0.028049196757675605}