{"psnr": 29.58437471016607, "nsr": 0.033801627034434845}