{"psnr": 27.1882894243642, "nsr": 0.03678054122463002}