{"psnr": 33.39748345959617, "nsr": 0.029942375784384676}