{"psnr": 30.593072440379, "nsr": 0.03268713863077466}