{"psnr": 36.723289368581966, "nsr": 0.027230676151127526}