{"psnr": 28.016055147290835, "nsr": 0.0356938189456948}