{"psnr": 33.883668352592, "nsr": 0.029512743118426346}