{"psnr": 39.912946109104645, "nsr": 0.025054527352263968}