{"psnr": 33.516588839225705, "nsr": 0.02983597181672805}