{"psnr": 37.27682113593123, "nsr": 0.026826321814123182}