{"psnr": 31.309604571468434, "nsr": 0.03193908111223072}