{"psnr": 31.80439703218306, "nsr": 0.031442193322768985}