{"psnr": 37.91803123562848, "nsr": 0.02637267725705077}