{"psnr": 34.66992030525045, "nsr": 0.02884344674563786}