{"psnr": 28.228091276901345, "nsr": 0.03542570378530291}