{"psnr": 34.40281730659766, "nsr": 0.029067386868}