{"psnr": 27.936762788180594, "nsr": 0.03579512800327306}