{"psnr": 23.32432465417422, "nsr": 0.042873695801564644}