{"psnr": 30.056886763362535, "nsr": 0.033270245447340786}