{"psnr": 35.22657523147168, "nsr": 0.028387658846455013}