{"psnr": 27.35533186282734, "nsr": 0.03655594474285584}