{"psnr": 29.727827522406844, "nsr": 0.033638515940872804}