{"psnr": 36.42078388833791, "nsr": 0.027456849997130467}