{"psnr": 31.11393709174529, "nsr": 0.032139937708664516}