{"psnr": 25.761648104566554, "nsr": 0.03881739227012958}