{"psnr": 26.75357452917124, "nsr": 0.03737818282598582}