{"psnr": 32.211572944329674, "nsr": 0.031044742885678725}