{"psnr": 26.32985242109512, "nsr": 0.03797970394998544}