{"psnr": 32.540981158071716, "nsr": 0.030730480901678413}