{"psnr": 28.82346621826518, "nsr": 0.03469395361499959}