{"psnr": 24.094746116504776, "nsr": 0.04150282369296289}