{"psnr": 31.910053437621674, "nsr": 0.031338086034698044}