{"psnr": 38.01676063798681, "nsr": 0.02630418750094104}