{"psnr": 17.819854233805167, "nsr": 0.05611718181751169}