{"psnr": 23.654283221992966, "nsr": 0.042275641608545265}