{"psnr": 30.81490185904415, "nsr": 0.03245183140852681}