{"psnr": 27.347911027008745, "nsr": 0.03656586417194359}