{"psnr": 29.788931264168497, "nsr": 0.033569515842377544}