{"psnr": 24.869692944406857, "nsr": 0.04020958369833424}