{"psnr": 28.465852404642952, "nsr": 0.035129810475546974}