{"psnr": 35.62304242351688, "nsr": 0.028071717965892796}