{"psnr": 37.755278794075636, "nsr": 0.026486362488651913}