{"psnr": 29.516524309663392, "nsr": 0.03387932771178654}