{"psnr": 31.78239316418597, "nsr": 0.03146396166059802}