{"psnr": 38.63991242634536, "nsr": 0.02587997583861455}