{"psnr": 25.651291871576504, "nsr": 0.03898439131278502}