{"psnr": 30.92993763147176, "nsr": 0.03233113535225762}