{"psnr": 23.44082111698187, "nsr": 0.04266062161429759}