{"psnr": 28.262984984167083, "nsr": 0.035381966928128776}