{"psnr": 30.35143697660629, "nsr": 0.032947369205970745}