{"psnr": 24.639897042010528, "nsr": 0.040584585166692055}