{"psnr": 25.278144817314594, "nsr": 0.03955986514148922}