{"psnr": 31.057576103951142, "nsr": 0.03219826288609754}