{"psnr": 43.35916195448518, "nsr": 0.023063176383568397}