{"psnr": 38.36531918816238, "nsr": 0.026065207358122282}