{"psnr": 34.602500518024875, "nsr": 0.028899645546687804}