{"psnr": 29.549643253619344, "nsr": 0.0338413561008902}