{"psnr": 28.448043254717877, "nsr": 0.035151802570257906}