{"psnr": 34.39562803002509, "nsr": 0.029073462450723876}