{"psnr": 27.686855919419642, "nsr": 0.03611822169011965}