{"psnr": 33.885454546527825, "nsr": 0.029511187421933757}