{"psnr": 35.65929833881623, "nsr": 0.028043176579037443}