{"psnr": 29.81844467394621, "nsr": 0.03353628973390914}