{"psnr": 38.68818208116114, "nsr": 0.025847686456349186}