{"psnr": 43.757539535117395, "nsr": 0.022853204513417737}