{"psnr": 46.7438445104719, "nsr": 0.021393191135058918}