{"psnr": 39.92632170119282, "nsr": 0.025046133913461017}