{"psnr": 27.91720295375283, "nsr": 0.035820207406042186}