{"psnr": 22.69666198214519, "nsr": 0.04405934232913506}