{"psnr": 23.829961361866406, "nsr": 0.04196397907720645}