{"psnr": 29.693372406322073, "nsr": 0.033677548858919375}