{"psnr": 26.69166020904258, "nsr": 0.037464885742147305}