{"psnr": 32.87819272095205, "nsr": 0.030415297108552355}