{"psnr": 26.396147153187755, "nsr": 0.0378843167601918}