{"psnr": 31.188172585302944, "nsr": 0.032063436780878855}