{"psnr": 21.066648899948504, "nsr": 0.04746839446317656}