{"psnr": 26.884820982119088, "nsr": 0.03719570982693518}