{"psnr": 28.027378451041464, "nsr": 0.03567939833355485}