{"psnr": 33.41781485944794, "nsr": 0.029924158841800465}