{"psnr": 28.007760146567374, "nsr": 0.035704390310646095}