{"psnr": 34.22984673840741, "nsr": 0.029214270447724663}