{"psnr": 35.80453300920275, "nsr": 0.0279294244598295}