{"psnr": 30.25346062904097, "nsr": 0.03305406982234878}