{"psnr": 33.02053046404687, "nsr": 0.03028418944053038}