{"psnr": 40.63918841217826, "nsr": 0.024606790614458536}