{"psnr": 24.823887454791635, "nsr": 0.040283779155104685}