{"psnr": 29.871097919756906, "nsr": 0.03347717592056081}