{"psnr": 34.69584244883521, "nsr": 0.028821897075266768}