{"psnr": 29.50701560223074, "nsr": 0.03389024540741422}