{"psnr": 24.62669315635629, "nsr": 0.04060634506025403}