{"psnr": 31.21814419672438, "nsr": 0.03203265362919705}