{"psnr": 38.64089657591985, "nsr": 0.025879316698442706}