{"psnr": 35.95940714046785, "nsr": 0.027809134786169042}