{"psnr": 28.422632604130836, "nsr": 0.035183229292231846}