{"psnr": 34.19286688088853, "nsr": 0.029245865913598824}