{"psnr": 31.098829638056948, "nsr": 0.032155550920677026}