{"psnr": 25.45749117726713, "nsr": 0.03928116847951513}