{"psnr": 20.809722244379067, "nsr": 0.04805446167212111}