{"psnr": 26.216183382258627, "nsr": 0.038144377670043826}