{"psnr": 27.753966945418966, "nsr": 0.03603088531331766}