{"psnr": 22.646925747486996, "nsr": 0.04415610362086185}