{"psnr": 33.67684968392532, "nsr": 0.029693988879171244}