{"psnr": 38.08205276748633, "nsr": 0.026259088660624392}