{"psnr": 33.377155756002814, "nsr": 0.029960611602447642}