{"psnr": 38.423844315415934, "nsr": 0.02602550624011332}