{"psnr": 30.08148088374876, "nsr": 0.03324304424587822}