{"psnr": 35.802854995233645, "nsr": 0.027930733460589323}