{"psnr": 32.266623677925736, "nsr": 0.030991776827400775}