{"psnr": 27.657192046600745, "nsr": 0.03615696048662709}