{"psnr": 25.57759391404515, "nsr": 0.03909671892362326}