{"psnr": 30.73849623075578, "nsr": 0.03253249581544063}