{"psnr": 27.80048354709837, "nsr": 0.03597059735690725}