{"psnr": 34.24572620864244, "nsr": 0.029200724023415062}