{"psnr": 37.220540380315896, "nsr": 0.026866885590109555}