{"psnr": 31.145739115720495, "nsr": 0.03210712053692314}