{"psnr": 23.924276370554228, "nsr": 0.041798547404793836}