{"psnr": 28.80521563866907, "nsr": 0.03471593521617548}