{"psnr": 36.04146115094175, "nsr": 0.027745822951294814}