{"psnr": 28.67662960105158, "nsr": 0.03487160150659162}