{"psnr": 37.70089979484388, "nsr": 0.026524565870885763}