{"psnr": 31.226340957748803, "nsr": 0.03202424521505939}