{"psnr": 29.17938310159323, "nsr": 0.0342707725011979}