{"psnr": 23.74175466714067, "nsr": 0.04211988599916043}