{"psnr": 29.090409014140064, "nsr": 0.03437559092118392}