{"psnr": 23.95967814892647, "nsr": 0.04173678768906191}