{"psnr": 29.591706884905655, "nsr": 0.03379325173398791}