{"psnr": 35.18866584536709, "nsr": 0.028418241384723007}