{"psnr": 29.475811372728202, "nsr": 0.0339261229268561}