{"psnr": 23.797718690135277, "nsr": 0.04202083456068938}