{"psnr": 22.538267736114026, "nsr": 0.04436898219989008}