{"psnr": 27.175897256197615, "nsr": 0.03679731309596206}