{"psnr": 44.38595669912835, "nsr": 0.02252964843764735}