{"psnr": 37.424744896113836, "nsr": 0.026720289016688513}