{"psnr": 37.31582863488092, "nsr": 0.0267982793517615}