{"psnr": 30.781589100704558, "nsr": 0.032486951753154}