{"psnr": 26.77201239882395, "nsr": 0.03735244049281586}