{"psnr": 32.41580597975493, "nsr": 0.030849148116956993}