{"psnr": 32.36564740237923, "nsr": 0.030896956503533093}