{"psnr": 38.615936714775806, "nsr": 0.025896044096668645}