{"psnr": 31.275206307733384, "nsr": 0.031974209543510865}