{"psnr": 26.29994561798175, "nsr": 0.03802289231032789}