{"psnr": 33.16237573774216, "nsr": 0.03015465501954066}