{"psnr": 38.99598245816369, "nsr": 0.025643667295030623}