{"psnr": 34.902646312130585, "nsr": 0.02865112264144983}