{"psnr": 26.650634826466643, "nsr": 0.03752255833721844}