{"psnr": 31.034801058061845, "nsr": 0.032221891744340085}