{"psnr": 25.54288228636001, "nsr": 0.03914984960542232}