{"psnr": 23.02759175230165, "nsr": 0.043426165043943345}