{"psnr": 28.042041058962663, "nsr": 0.035660742308213145}