{"psnr": 42.11164674784902, "nsr": 0.023746399802118352}