{"psnr": 35.41558218851894, "nsr": 0.028236158724624354}