{"psnr": 25.213237580123298, "nsr": 0.039661705357044025}