{"psnr": 30.707123137750266, "nsr": 0.03256573386943679}