{"psnr": 35.34271973781021, "nsr": 0.028294370309316745}