{"psnr": 29.42048454705027, "nsr": 0.03398992285122854}