{"psnr": 29.524839119684078, "nsr": 0.0338697865870268}