{"psnr": 37.46554188911097, "nsr": 0.026691192748786615}