{"psnr": 29.87980929551909, "nsr": 0.03346741574250825}