{"psnr": 25.811625504716705, "nsr": 0.038742232635339616}