{"psnr": 30.70335036703296, "nsr": 0.032569735486382874}