{"psnr": 25.275534905202676, "nsr": 0.03956395003114896}