{"psnr": 27.285924977008843, "nsr": 0.03664893166871203}