{"psnr": 34.18377482818612, "nsr": 0.02925364460262748}