{"psnr": 37.34202471336118, "nsr": 0.02677947989365972}