{"psnr": 32.60019554294774, "nsr": 0.03067466263147387}