{"psnr": 30.879938031037476, "nsr": 0.032383484675225005}