{"psnr": 36.86738618455145, "nsr": 0.027124244582845698}