{"psnr": 20.88378347559457, "nsr": 0.04788404367286372}