{"psnr": 25.883844759388307, "nsr": 0.03863413682533739}