{"psnr": 35.74440551390487, "nsr": 0.027976405975222936}