{"psnr": 42.485142735745676, "nsr": 0.023537640116214818}