{"psnr": 22.19132080303926, "nsr": 0.045062662510067575}