{"psnr": 27.75434109423397, "nsr": 0.03603039959063386}