{"psnr": 33.58046600676536, "nsr": 0.02977921747120879}