{"psnr": 40.4887662362681, "nsr": 0.024698208736828414}