{"psnr": 32.96637280767601, "nsr": 0.0303339407654565}