{"psnr": 27.671293083894902, "nsr": 0.036138535231012195}