{"psnr": 32.84393966976172, "nsr": 0.030447017320539824}