{"psnr": 26.02601083903106, "nsr": 0.03842309934414942}