{"psnr": 40.831309716597644, "nsr": 0.02449100964286499}