{"psnr": 41.300991190749684, "nsr": 0.024212493966100583}