{"psnr": 42.04350167044964, "nsr": 0.023784888514717887}