{"psnr": 41.71036412514567, "nsr": 0.023974856632746015}