{"psnr": 34.03280823498391, "nsr": 0.02938341123939497}