{"psnr": 34.39746821909334, "nsr": 0.029071907084281284}