{"psnr": 38.92419966791489, "nsr": 0.025690958543311996}