{"psnr": 39.005806667167114, "nsr": 0.025637208545202156}