{"psnr": 32.71013541975555, "nsr": 0.030571564047883516}