{"psnr": 33.89556036683786, "nsr": 0.02950238878417724}