{"psnr": 40.765568785376445, "nsr": 0.024530505271858814}