{"psnr": 40.876936669488835, "nsr": 0.024463672708293114}