{"psnr": 37.37171201523203, "nsr": 0.026758206838167282}