{"psnr": 36.303540199982855, "nsr": 0.027545522957027543}