{"psnr": 36.56232883464836, "nsr": 0.027350555390562213}