{"psnr": 36.05498050044576, "nsr": 0.027735419243608707}