{"psnr": 37.19185840127177, "nsr": 0.026887605056213192}