{"psnr": 36.46832657685061, "nsr": 0.02742105530651853}