{"psnr": 41.99305224686209, "nsr": 0.023813463096737018}