{"psnr": 41.54915379294023, "nsr": 0.024067878854608916}