{"psnr": 36.857168231817326, "nsr": 0.027131764266597667}