{"psnr": 35.83898046725623, "nsr": 0.027902579452940512}