{"psnr": 36.20991548672225, "nsr": 0.02761674493183195}