{"psnr": 36.77066054184433, "nsr": 0.02719559521815004}