{"psnr": 36.81875703437954, "nsr": 0.027160069501158048}