{"psnr": 37.33821383337932, "nsr": 0.026782213109134534}