{"psnr": 39.589465923089605, "nsr": 0.025259244515768373}