{"psnr": 40.168864567349644, "nsr": 0.024894903323028638}