{"psnr": 36.83812617002663, "nsr": 0.027145788995468798}