{"psnr": 37.18906565600942, "nsr": 0.02688962420432332}