{"psnr": 38.06250434650398, "nsr": 0.02627257499654905}