{"psnr": 38.14735255557115, "nsr": 0.026214138937774255}