{"psnr": 42.321095739288154, "nsr": 0.02362887780978849}