{"psnr": 40.84623287247225, "nsr": 0.024482061861668916}