{"psnr": 34.6924069008634, "nsr": 0.028824751273602543}