{"psnr": 32.97324688576882, "nsr": 0.030327616915142127}