{"psnr": 34.60296594071931, "nsr": 0.028899256835762804}