{"psnr": 33.468497343848604, "nsr": 0.02987884366980093}