{"psnr": 40.432123272655105, "nsr": 0.024732809436112797}