{"psnr": 40.36021144426438, "nsr": 0.024776877132592693}