{"psnr": 34.672441481917645, "nsr": 0.028841349419293692}