{"psnr": 34.754083067725745, "nsr": 0.028773597566976134}