{"psnr": 31.118974618138573, "nsr": 0.0321347349091998}