{"psnr": 31.56247977594549, "nsr": 0.03168318861821889}