{"psnr": 39.67547693583857, "nsr": 0.02520448592507548}