{"psnr": 39.47690027918381, "nsr": 0.02533126950008536}