{"psnr": 43.93113989877797, "nsr": 0.022762896712994623}