{"psnr": 46.21204390354429, "nsr": 0.021639380462964194}