{"psnr": 38.40769159205329, "nsr": 0.026036451516573418}