{"psnr": 38.37911360833918, "nsr": 0.026055838866031435}